{"$schema":"http://schema.management.azure.com/schemas/2015-01-01/deploymentTemplate.json#","contentVersion":"1.0.0.0","parameters":{"factoryName":{"type":"string","metadata":"Data Factory name"},"AzureDatabricks1":{"type":"string"}},"variables":{"factoryId":"[concat('Microsoft.DataFactory/factories/', parameters('factoryName'))]"},"resources":[{"name":"[concat(parameters('factoryName'), '/pipeline1')]","type":"Microsoft.DataFactory/factories/pipelines","apiVersion":"2018-06-01","properties":{"activities":[{"name":"Notebook1","type":"DatabricksNotebook","dependsOn":[],"policy":{"timeout":"7.00:00:00","retry":0,"retryIntervalInSeconds":30,"secureOutput":false,"secureInput":false},"userProperties":[],"typeProperties":{"notebookPath":"/Shared/Project2","baseParameters":{"fileName":{"value":"@pipeline().parameters.fileName","type":"Expression"}}},"linkedServiceName":{"referenceName":"[parameters('AzureDatabricks1')]","type":"LinkedServiceReference"}}],"policy":{"elapsedTimeMetric":{},"cancelAfter":{}},"parameters":{"fileName":{"type":"string"}},"annotations":[]},"dependsOn":[]}]}